"","bin1","bin2","bin3","bin4","bin5","bin6","bin7","bin8","bin9","bin10"
"1",0,0,0.05,0.45,0.55,1,1,1,1,0
"2",0,0,0.1,0.1,0.3,0.3,0.5,0.5,0.7,0.7
"3",0,0,0.1,0.4,0.5,1,1,1,1,1
"4",0,0,0.1,0.5,0.5,1,1,1,1,1
"5",0,0,0.1,0.6,0.6,1,1,1,1,1
"6",0,0,0.15,0.4,0.5,1,1,1,1,1
"7",0,0,0.2,0.2,0.4,0.4,0.6,0.6,0.8,0.8
"8",0,0,0.2,0.4,0.5,1,1,1,1,1
"9",0,0.02,0.055,0.091,0.076,0.131,0.187,0.004,1,0.5
"10",0,0.021,0.089,0.074,0.221,0.059,1,1,1,1
"11",0,0.027,0.066,0.068,0.133,0.145,1,1,1,1
"12",0,0.028,0.083,0.031,0.358,0.456,0.113,1,1,0.5
"13",0,0.033,0.059,0.258,0.125,0.135,1,1,1,1
"14",0,0.038,0.17,0.08,0.217,1,1,1,0.178,0.575
"15",0,0.049,0.083,0.211,0.077,0.218,1,1,1,0.574
"16",0,0.05,0.1,0.4,0.5,0,1,1,1,1
"17",0,0.05,0.1,0.4,0.5,1,0,1,1,1
"18",0,0.05,0.1,0.4,0.5,1,1,0,1,1
"19",0,0.05,0.1,0.4,0.5,1,1,1,0,1
"20",0,0.05,0.1,0.4,0.5,1,1,1,1,0
"21",0,0.05,0.1,0.4,0.5,1,1,1,1,1
"22",0,0.05,0.1,0.4,0.55,1,1,1,1,1
"23",0,0.05,0.1,0.4,0.6,1,1,1,1,1
"24",0,0.05,0.1,0.45,0.5,1,1,1,1,1
"25",0,0.05,0.1,0.45,0.55,1,1,1,1,1
"26",0,0.05,0.1,0.45,0.6,1,1,1,1,1
"27",0,0.05,0.1,0.55,0.5,1,1,1,1,1
"28",0,0.05,0.1,0.55,0.55,1,1,1,1,1
"29",0,0.05,0.1,0.55,0.6,1,1,1,1,1
"30",0,0.05,0.15,0.4,0.5,1,1,1,1,1
"31",0,0.05,0.15,0.4,0.55,1,1,1,1,1
"32",0,0.05,0.15,0.4,0.6,1,1,1,1,1
"33",0,0.05,0.15,0.45,0.5,1,1,1,1,1
"34",0,0.05,0.15,0.45,0.55,1,1,1,1,1
"35",0,0.05,0.15,0.45,0.6,1,1,1,1,1
"36",0,0.05,0.15,0.55,0.5,1,1,1,1,1
"37",0,0.05,0.15,0.55,0.55,1,1,1,1,1
"38",0,0.05,0.15,0.55,0.6,1,1,1,1,1
"39",0,0.05,0.2,0.4,0.5,1,1,1,1,1
"40",0,0.05,0.2,0.4,0.55,1,1,1,1,1
"41",0,0.05,0.2,0.4,0.6,1,1,1,1,1
"42",0,0.05,0.2,0.45,0.5,1,1,1,1,1
"43",0,0.05,0.2,0.45,0.55,1,1,1,1,1
"44",0,0.05,0.2,0.45,0.6,1,1,1,1,1
"45",0,0.05,0.2,0.55,0.5,1,1,1,1,1
"46",0,0.05,0.2,0.55,0.55,1,1,1,1,1
"47",0,0.05,0.2,0.55,0.6,1,1,1,1,1
"48",0,0.051,0.136,0.102,0.228,1,0.335,1,1,0.589
"49",0,0.053,0.048,0.053,0.12,0.308,0.176,1,1,0.5
"50",0,0.063,0.14,0.363,0.45,1,1,1,1,1
"51",0,0.073,0.161,0.137,0.556,0.383,1,1,1,0.592
"52",0,0.095,0.174,0.346,1,1,1,1,1,1
"53",0,0.1,0.1,0.1,0.1,0.1,0.2,0,1,0
"54",0,0.1,0.1,0.1,0.1,0.1,0.2,0,1,0.5
"55",0,0.1,0.1,0.1,0.1,0.1,0.2,1,1,0
"56",0,0.1,0.1,0.1,0.1,0.1,1,1,1,0
"57",0,0.1,0.1,0.1,0.1,1,1,1,0,0
"58",0,0.1,0.1,0.4,0.5,1,1,1,1,1
"59",0,0.1,0.1,0.4,0.55,1,1,1,1,1
"60",0,0.1,0.1,0.4,0.6,1,1,1,1,1
"61",0,0.1,0.1,0.45,0.5,1,1,1,1,1
"62",0,0.1,0.1,0.45,0.55,1,1,1,1,1
"63",0,0.1,0.1,0.45,0.6,1,1,1,1,1
"64",0,0.1,0.1,0.55,0.5,1,1,1,1,1
"65",0,0.1,0.1,0.55,0.55,1,1,1,1,1
"66",0,0.1,0.1,0.55,0.6,1,1,1,1,1
"67",0,0.1,0.15,0.4,0.5,1,1,1,1,1
"68",0,0.1,0.15,0.4,0.55,1,1,1,1,1
"69",0,0.1,0.15,0.4,0.6,1,1,1,1,1
"70",0,0.1,0.15,0.45,0.5,1,1,1,1,1
"71",0,0.1,0.15,0.45,0.55,1,1,1,1,1
"72",0,0.1,0.15,0.45,0.6,1,1,1,1,1
"73",0,0.1,0.15,0.55,0.5,1,1,1,1,1
"74",0,0.1,0.15,0.55,0.55,1,1,1,1,1
"75",0,0.1,0.15,0.55,0.6,1,1,1,1,1
"76",0,0.1,0.2,0.3,0.4,0.5,0.6,0.7,0.8,0.9
"77",0,0.1,0.2,0.3,0.4,0.5,1,1,1,1
"78",0,0.1,0.2,0.3,1,1,1,1,1,1
"79",0,0.1,0.2,0.4,0.5,1,1,1,1,1
"80",0,0.1,0.2,0.4,0.55,1,1,1,1,1
"81",0,0.1,0.2,0.4,0.6,1,1,0.2,0,0
"82",0,0.1,0.2,0.4,0.6,1,1,1,1,1
"83",0,0.1,0.2,0.45,0.5,1,1,1,1,1
"84",0,0.1,0.2,0.45,0.55,1,1,1,1,1
"85",0,0.1,0.2,0.45,0.6,1,1,1,1,1
"86",0,0.1,0.2,0.55,0.5,1,1,1,1,1
"87",0,0.1,0.2,0.55,0.55,1,1,1,1,1
"88",0,0.1,0.2,0.55,0.6,1,1,1,1,1
"89",0,0.1,0.3,0.5,0.7,1,1,1,1,1
"90",0,0.1,0.4,0.5,0.6,1,0.2,1,1,0
"91",0,0.104,0.123,0.079,0.226,0.059,1,1,1,1
"92",0,0.132,0.213,0.086,0.222,1,1,1,0.178,0.575
"93",0,0.134,0.093,0.074,0.136,0.145,1,1,1,1
"94",0,0.143,0.08,0.271,0.127,0.135,1,1,1,1
"95",0,0.15,0.1,0.4,0.5,1,1,1,1,1
"96",0,0.15,0.1,0.4,0.55,1,1,1,1,1
"97",0,0.15,0.1,0.4,0.6,1,1,1,1,1
"98",0,0.15,0.1,0.45,0.5,1,1,1,1,1
"99",0,0.15,0.1,0.45,0.55,1,1,1,1,1
"100",0,0.15,0.1,0.45,0.6,1,1,1,1,1
"101",0,0.15,0.1,0.55,0.5,1,1,1,1,1
"102",0,0.15,0.1,0.55,0.55,1,1,1,1,1
"103",0,0.15,0.1,0.55,0.6,1,1,1,1,1
"104",0,0.15,0.15,0.4,0.5,1,1,1,1,1
"105",0,0.15,0.15,0.4,0.55,1,1,1,1,1
"106",0,0.15,0.15,0.4,0.6,1,1,1,1,1
"107",0,0.15,0.15,0.45,0.5,1,1,1,1,1
"108",0,0.15,0.15,0.45,0.55,1,1,1,1,1
"109",0,0.15,0.15,0.45,0.6,1,1,1,1,1
"110",0,0.15,0.15,0.55,0.5,1,1,1,1,1
"111",0,0.15,0.15,0.55,0.55,1,1,1,1,1
"112",0,0.15,0.15,0.55,0.6,1,1,1,1,1
"113",0,0.15,0.2,0.4,0.5,1,1,1,1,1
"114",0,0.15,0.2,0.4,0.55,1,1,1,1,1
"115",0,0.15,0.2,0.4,0.6,1,1,1,1,1
"116",0,0.15,0.2,0.45,0.5,1,1,1,1,1
"117",0,0.15,0.2,0.45,0.55,1,1,1,1,1
"118",0,0.15,0.2,0.45,0.6,1,1,1,1,1
"119",0,0.15,0.2,0.55,0.5,1,1,1,1,1
"120",0,0.15,0.2,0.55,0.55,1,1,1,1,1
"121",0,0.15,0.2,0.55,0.6,1,1,1,1,1
"122",0,0.189,0.197,0.146,0.559,0.383,1,1,1,0.592
"123",0,0.191,0.069,0.059,0.125,0.308,0.176,1,1,0.5
"124",0,0.2,0.2,0.2,0.2,1,1,1,1,1
"125",0,0.2,0.4,0.6,0.8,1,1,1,1,1
"126",0,0.213,0.202,0.354,1,1,1,1,1,1
"127",0,0.3,0.1,0.1,0.15,0.2,0.2,0.2,0.2,0
"128",0,0.4,0.2,0.05,0.2,0.2,0.2,0.2,1,0
"129",0,0.6,0.1,0.4,0.5,1,1,1,1,1
"130",0,0.6,0.1,0.6,0.6,0.6,1,1,1,1
"131",0,0.755,0.681,1,1,1,1,1,1,1
"132",0.001,0.159,0.114,0.227,0.08,0.218,1,1,1,0.574
"133",0.005,0.113,0.084,0.103,0.079,0.131,0.187,0.004,1,0.5
"134",0.007,0.158,0.172,0.373,0.454,1,1,1,1,1
"135",0.01,0.148,0.178,0.112,0.235,1,0.335,1,1,0.589
"136",0.04,0.091,0.129,0.034,0.368,0.456,0.113,1,1,0.5
"137",0.05,0.05,0.1,0.4,0.5,1,1,1,1,1
"138",0.05,0.05,0.1,0.4,0.55,1,1,1,1,1
"139",0.05,0.05,0.1,0.4,0.6,1,1,1,1,1
"140",0.05,0.05,0.1,0.45,0.5,1,1,1,1,1
"141",0.05,0.05,0.1,0.45,0.55,1,1,1,1,1
"142",0.05,0.05,0.1,0.45,0.6,1,1,1,1,1
"143",0.05,0.05,0.1,0.55,0.5,1,1,1,1,1
"144",0.05,0.05,0.1,0.55,0.55,1,1,1,1,1
"145",0.05,0.05,0.1,0.55,0.6,1,1,1,1,1
"146",0.05,0.05,0.15,0.4,0.5,1,1,1,1,1
"147",0.05,0.05,0.15,0.4,0.55,1,1,1,1,1
"148",0.05,0.05,0.15,0.4,0.6,1,1,1,1,1
"149",0.05,0.05,0.15,0.45,0.5,1,1,1,1,1
"150",0.05,0.05,0.15,0.45,0.55,1,1,1,1,1
"151",0.05,0.05,0.15,0.45,0.6,1,1,1,1,1
"152",0.05,0.05,0.15,0.45,0.75,1,1,1,1,1
"153",0.05,0.05,0.15,0.55,0.5,1,1,1,1,1
"154",0.05,0.05,0.15,0.55,0.55,1,1,1,1,1
"155",0.05,0.05,0.15,0.55,0.6,1,1,1,1,1
"156",0.05,0.05,0.2,0.4,0.5,1,1,1,1,1
"157",0.05,0.05,0.2,0.4,0.55,1,1,1,1,1
"158",0.05,0.05,0.2,0.4,0.6,1,1,1,1,1
"159",0.05,0.05,0.2,0.45,0.5,1,1,1,1,1
"160",0.05,0.05,0.2,0.45,0.55,1,1,1,1,1
"161",0.05,0.05,0.2,0.45,0.6,1,1,1,1,1
"162",0.05,0.05,0.2,0.55,0.5,1,1,1,1,1
"163",0.05,0.05,0.2,0.55,0.55,1,1,1,1,1
"164",0.05,0.05,0.2,0.55,0.6,1,1,1,1,1
"165",0.05,0.05,0.25,0.45,0.65,1,1,0.5,0.5,0.5
"166",0.05,0.1,0.1,0.4,0.5,1,1,1,1,1
"167",0.05,0.1,0.1,0.4,0.55,1,1,1,1,1
"168",0.05,0.1,0.1,0.4,0.6,1,1,1,1,1
"169",0.05,0.1,0.1,0.45,0.5,1,1,1,1,1
"170",0.05,0.1,0.1,0.45,0.55,1,1,1,1,1
"171",0.05,0.1,0.1,0.45,0.6,1,1,1,1,1
"172",0.05,0.1,0.1,0.55,0.5,1,1,1,1,1
"173",0.05,0.1,0.1,0.55,0.55,1,1,1,1,1
"174",0.05,0.1,0.1,0.55,0.6,1,1,1,1,1
"175",0.05,0.1,0.15,0.4,0.5,1,1,1,1,1
"176",0.05,0.1,0.15,0.4,0.55,1,1,1,1,1
"177",0.05,0.1,0.15,0.4,0.6,1,1,1,1,1
"178",0.05,0.1,0.15,0.45,0.5,1,1,1,1,1
"179",0.05,0.1,0.15,0.45,0.55,1,1,1,1,1
"180",0.05,0.1,0.15,0.45,0.6,1,1,1,1,1
"181",0.05,0.1,0.15,0.55,0.5,1,1,1,1,1
"182",0.05,0.1,0.15,0.55,0.55,1,1,1,1,1
"183",0.05,0.1,0.15,0.55,0.6,1,1,1,1,1
"184",0.05,0.1,0.2,0.4,0.5,1,1,1,1,1
"185",0.05,0.1,0.2,0.4,0.55,1,1,1,1,1
"186",0.05,0.1,0.2,0.4,0.6,1,1,1,1,1
"187",0.05,0.1,0.2,0.45,0.5,1,1,1,1,1
"188",0.05,0.1,0.2,0.45,0.55,1,1,1,1,1
"189",0.05,0.1,0.2,0.45,0.6,1,1,1,1,1
"190",0.05,0.1,0.2,0.55,0.5,1,1,1,1,1
"191",0.05,0.1,0.2,0.55,0.55,1,1,1,1,1
"192",0.05,0.1,0.2,0.55,0.6,1,1,1,1,1
"193",0.05,0.15,0.1,0.4,0.5,1,1,1,1,1
"194",0.05,0.15,0.1,0.4,0.55,1,1,1,1,1
"195",0.05,0.15,0.1,0.4,0.6,1,1,1,1,1
"196",0.05,0.15,0.1,0.45,0.5,1,1,1,1,1
"197",0.05,0.15,0.1,0.45,0.55,1,1,1,1,1
"198",0.05,0.15,0.1,0.45,0.6,1,1,1,1,1
"199",0.05,0.15,0.1,0.55,0.5,1,1,1,1,1
"200",0.05,0.15,0.1,0.55,0.55,1,1,1,1,1
"201",0.05,0.15,0.1,0.55,0.6,1,1,1,1,1
"202",0.05,0.15,0.15,0.4,0.5,1,1,1,1,1
"203",0.05,0.15,0.15,0.4,0.55,1,1,1,1,1
"204",0.05,0.15,0.15,0.4,0.6,1,1,1,1,1
"205",0.05,0.15,0.15,0.45,0.5,1,1,1,1,1
"206",0.05,0.15,0.15,0.45,0.55,1,1,1,1,1
"207",0.05,0.15,0.15,0.45,0.6,1,1,1,1,1
"208",0.05,0.15,0.15,0.55,0.5,1,1,1,1,1
"209",0.05,0.15,0.15,0.55,0.55,1,1,1,1,1
"210",0.05,0.15,0.15,0.55,0.6,1,1,1,1,1
"211",0.05,0.15,0.2,0.4,0.5,1,1,1,1,1
"212",0.05,0.15,0.2,0.4,0.55,1,1,1,1,1
"213",0.05,0.15,0.2,0.4,0.6,1,1,1,1,1
"214",0.05,0.15,0.2,0.45,0.5,1,1,1,1,1
"215",0.05,0.15,0.2,0.45,0.55,1,1,1,1,1
"216",0.05,0.15,0.2,0.45,0.6,1,1,1,1,1
"217",0.05,0.15,0.2,0.55,0.5,1,1,1,1,1
"218",0.05,0.15,0.2,0.55,0.55,1,1,1,1,1
"219",0.05,0.15,0.2,0.55,0.6,1,1,1,1,1
"220",0.1,0.05,0.1,0.4,0.5,1,1,1,1,1
"221",0.1,0.05,0.1,0.4,0.55,1,1,1,1,1
"222",0.1,0.05,0.1,0.4,0.6,1,1,1,1,1
"223",0.1,0.05,0.1,0.45,0.5,1,1,1,1,1
"224",0.1,0.05,0.1,0.45,0.55,1,1,1,1,1
"225",0.1,0.05,0.1,0.45,0.6,1,1,1,1,1
"226",0.1,0.05,0.1,0.55,0.5,1,1,1,1,1
"227",0.1,0.05,0.1,0.55,0.55,1,1,1,1,1
"228",0.1,0.05,0.1,0.55,0.6,1,1,1,1,1
"229",0.1,0.05,0.15,0.4,0.5,1,1,1,1,1
"230",0.1,0.05,0.15,0.4,0.55,1,1,1,1,1
"231",0.1,0.05,0.15,0.4,0.6,1,1,1,1,1
"232",0.1,0.05,0.15,0.45,0.5,1,1,1,1,1
"233",0.1,0.05,0.15,0.45,0.55,1,1,1,1,1
"234",0.1,0.05,0.15,0.45,0.6,1,1,1,1,1
"235",0.1,0.05,0.15,0.55,0.5,1,1,1,1,1
"236",0.1,0.05,0.15,0.55,0.55,1,1,1,1,1
"237",0.1,0.05,0.15,0.55,0.6,1,1,1,1,1
"238",0.1,0.05,0.2,0.4,0.5,1,1,1,1,1
"239",0.1,0.05,0.2,0.4,0.55,1,1,1,1,1
"240",0.1,0.05,0.2,0.4,0.6,1,1,1,1,1
"241",0.1,0.05,0.2,0.45,0.5,1,1,1,1,1
"242",0.1,0.05,0.2,0.45,0.55,1,1,1,1,1
"243",0.1,0.05,0.2,0.45,0.6,1,1,1,1,1
"244",0.1,0.05,0.2,0.55,0.5,1,1,1,1,1
"245",0.1,0.05,0.2,0.55,0.55,1,1,1,1,1
"246",0.1,0.05,0.2,0.55,0.6,1,1,1,1,1
"247",0.1,0.1,0.1,0.4,0.5,1,1,1,1,1
"248",0.1,0.1,0.1,0.4,0.55,1,1,1,1,1
"249",0.1,0.1,0.1,0.4,0.6,1,1,1,1,1
"250",0.1,0.1,0.1,0.45,0.5,1,1,1,1,1
"251",0.1,0.1,0.1,0.45,0.55,1,1,1,1,1
"252",0.1,0.1,0.1,0.45,0.6,1,1,1,1,1
"253",0.1,0.1,0.1,0.55,0.5,1,1,1,1,1
"254",0.1,0.1,0.1,0.55,0.55,1,1,1,1,1
"255",0.1,0.1,0.1,0.55,0.6,1,1,1,1,1
"256",0.1,0.1,0.15,0.4,0.5,1,1,1,1,1
"257",0.1,0.1,0.15,0.4,0.55,1,1,1,1,1
"258",0.1,0.1,0.15,0.4,0.6,1,1,1,1,1
"259",0.1,0.1,0.15,0.45,0.5,1,1,1,1,1
"260",0.1,0.1,0.15,0.45,0.55,1,1,1,1,1
"261",0.1,0.1,0.15,0.45,0.6,1,1,1,1,1
"262",0.1,0.1,0.15,0.55,0.5,1,1,1,1,1
"263",0.1,0.1,0.15,0.55,0.55,1,1,1,1,1
"264",0.1,0.1,0.15,0.55,0.6,1,1,1,1,1
"265",0.1,0.1,0.2,0.4,0.5,1,1,1,1,1
"266",0.1,0.1,0.2,0.4,0.55,1,1,1,1,1
"267",0.1,0.1,0.2,0.4,0.6,1,1,1,1,1
"268",0.1,0.1,0.2,0.45,0.5,1,1,1,1,1
"269",0.1,0.1,0.2,0.45,0.55,1,1,1,1,1
"270",0.1,0.1,0.2,0.45,0.6,1,1,1,1,1
"271",0.1,0.1,0.2,0.55,0.5,1,1,1,1,1
"272",0.1,0.1,0.2,0.55,0.55,1,1,1,1,1
"273",0.1,0.1,0.2,0.55,0.6,1,1,1,1,1
"274",0.1,0.15,0.1,0.4,0.5,1,1,1,1,1
"275",0.1,0.15,0.1,0.4,0.55,1,1,1,1,1
"276",0.1,0.15,0.1,0.4,0.6,1,1,1,1,1
"277",0.1,0.15,0.1,0.45,0.5,1,1,1,1,1
"278",0.1,0.15,0.1,0.45,0.55,1,1,1,1,1
"279",0.1,0.15,0.1,0.45,0.6,1,1,1,1,1
"280",0.1,0.15,0.1,0.55,0.5,1,1,1,1,1
"281",0.1,0.15,0.1,0.55,0.55,1,1,1,1,1
"282",0.1,0.15,0.1,0.55,0.6,1,1,1,1,1
"283",0.1,0.15,0.15,0.4,0.5,1,1,1,1,1
"284",0.1,0.15,0.15,0.4,0.55,1,1,1,1,1
"285",0.1,0.15,0.15,0.4,0.6,1,1,1,1,1
"286",0.1,0.15,0.15,0.45,0.5,1,1,1,1,1
"287",0.1,0.15,0.15,0.45,0.55,1,1,1,1,1
"288",0.1,0.15,0.15,0.45,0.6,1,1,1,1,1
"289",0.1,0.15,0.15,0.55,0.5,1,1,1,1,1
"290",0.1,0.15,0.15,0.55,0.55,1,1,1,1,1
"291",0.1,0.15,0.15,0.55,0.6,1,1,1,1,1
"292",0.1,0.15,0.2,0.4,0.5,1,1,1,1,1
"293",0.1,0.15,0.2,0.4,0.55,1,1,1,1,1
"294",0.1,0.15,0.2,0.4,0.6,1,1,1,1,1
"295",0.1,0.15,0.2,0.45,0.5,1,1,1,1,1
"296",0.1,0.15,0.2,0.45,0.55,1,1,1,1,1
"297",0.1,0.15,0.2,0.45,0.6,1,1,1,1,1
"298",0.1,0.15,0.2,0.55,0.5,1,1,1,1,1
"299",0.1,0.15,0.2,0.55,0.55,1,1,1,1,1
"300",0.1,0.15,0.2,0.55,0.6,1,1,1,1,1
"301",0.1,0.15,0.25,0.5,1,1,1,1,1,1
"302",0.1,0.9,0.1,0.9,0.1,0.9,0.1,0.9,0.1,0.9
"303",0.143,0.721,0.68,1,1,1,1,1,1,1
"304",0.15,0.15,0.15,0.15,1,1,1,1,1,1
"305",0.15,0.15,0.35,0.55,1,1,1,1,1,1
"306",0.3,0.05,0.1,0.4,0.5,1,1,1,1,1
"307",0.3,0.1,0.2,0.3,0.4,0.5,1,1,1,1
"308",0.3,0.3,0.3,0.3,1,1,1,1,1,1
"309",0.4,0.05,0.4,0.5,1,1,1,1,1,1
"310",0.455,0.548,1,1,1,1,1,1,1,1
"311",0.5,0,0.05,0.4,1,1,1,1,1,1
"312",0.5,0.05,0.1,0.6,1,1,1,1,1,0
"313",0.5,0.5,0.4,0.8,1,1,1,0.8,0.8,0.8
"314",0.5,0.5,0.5,1,1,1,1,0.5,0.5,0.5
"315",0.5,1,0.3,0.3,1,1,0,1,1,0
"316",0.6,0.05,0.1,0.4,0.5,1,1,1,1,1
"317",0.6,0.05,0.4,0.55,0.8,1,1,1,1,1
"318",0.6,0.1,0.2,0.3,0.4,0.5,1,1,1,1
"319",0.6,0.2,0.2,0.5,1,1,1,1,1,1
"320",0.601,0.558,1,1,1,1,1,1,1,1
"321",0.7,0.05,0.1,0.7,1,1,1,1,1,1
"322",0.7,0.4,1,1,1,1,1,1,1,1
"323",0.8,0,0,0,0.3,0.5,0.6,1,0.8,0.8
"324",0.8,0.05,0.5,0.5,1,1,1,1,0,0
"325",0.8,0.1,0.2,0.6,0.5,0.4,1,1,1,0.5
"326",0.9,0.1,0.1,0.1,0.5,0.7,0.8,1,0.9,0.9
"327",0.9,0.1,0.9,0.1,0.9,0.1,0.9,0.1,0.9,0.1
"328",1,0.05,0.05,0.05,0.5,0.5,1,1,1,1
"329",1,0.05,0.1,0.2,0.3,0.4,1,1,1,1
"330",1,0.05,0.1,0.4,0.5,1,1,1,1,1
"331",1,0.05,0.5,0.5,0.5,0.7,1,1,1,1
"332",1,0.1,0.2,0.3,0.4,0.5,1,1,1,1
"333",1,0.5,0.5,0.05,0.5,0.6,1,1,1,1
"334",1,0.6,0.3,0,0.3,0.6,0.9,1,1,1
"335",1,0.7,0.5,0.3,0,0.3,0.5,0.7,1,1
"336",1,0.9,0.8,0.7,0.6,0.5,0.4,0.3,0.2,0.1
"337",1,1,0.2,0.2,0.4,0.4,0.6,0.6,0.8,0.8
"338",1,1,0.2,0.2,0.4,0.4,0.6,0.6,1,1
"339",1,1,0.8,0.8,0.6,0.6,0.4,0.4,0.2,0.2
"340",1,1,1,0.5,0.4,0.2,0.7,0.5,0.5,0.5
"341",1,1,1,0.5,0.4,0.2,0.7,0.5,0.5,0.5
"342",1,1,1,0.5,0.5,0.5,0.2,0.2,0.2,0.2
"343",1,1,1,0.5,0.5,0.5,0.5,1,1,1
"344",1,1,1,0.7,0.8,0.2,0.7,0.5,0.9,0.5
"345",1,1,1,0.9,0.4,0.2,0.7,0.5,0.5,0.5
"346",1,1,1,1,0.4,0.2,0.7,0.5,0.5,0.5
"347",1,1,1,1,0.5,0.5,0.8,0.8,0.9,0.9
"348",1,1,1,1,0.9,0.9,0.9,0.9,0.6,0.6
"349",1,1,1,1,1,0.3,0.3,0.3,0.3,0.3
"350",1,1,1,1,1,0.6,0.6,0.6,0.6,0.6
"351",0,0,0.1,0.3,0.4,1,1,1,1,1
"352",0,0,0.1,0.3,0.5,1,1,1,1,1
"353",0,0,0.1,0.3,0.6,1,1,1,1,1
"354",0,0,0.1,0.6,0.7,1,1,1,1,1
"355",0,0,0.1,0.6,0.8,1,1,1,1,1
"356",0,0,0.1,0.7,0.6,1,1,1,1,1
"357",0,0,0.1,0.7,0.7,1,1,1,1,1
"358",0,0,0.1,0.7,0.8,1,1,1,1,1
"359",0,0,0.1,0.8,0.6,1,1,1,1,1
"360",0,0,0.1,0.8,0.7,1,1,1,1,1
"361",0,0,0.1,0.8,0.8,1,1,1,1,1
"362",0,0.4,0.2,0.05,0.2,0.2,0.2,1,0.2,0
"363",0,0.4,0.2,0.05,0.2,0.2,1,0.2,0.2,0
"364",0,0.4,0.2,0.05,0.2,1,0.2,0.2,0.2,0
"365",0,0.4,0.3,0,0.3,0.3,0.3,0.3,1,0
"366",0,0.4,0.3,0.05,0.3,0.3,0.3,0.3,1,0.1
"367",0,0.4,0.3,0.1,0.3,0.3,0.3,0.3,1,0
"368",0,0.5,0.2,0.05,0.2,0.2,0.2,0.2,1,0
"369",0,0.5,0.2,0.05,0.2,0.2,0.2,1,0.2,0
"370",0,0.5,0.2,0.05,0.2,0.2,1,0.2,0.2,0
"371",0,0.5,0.2,0.05,0.2,1,0.2,0.2,0.2,0
"372",0,0.5,0.3,0,0.3,0.3,0.3,0.3,1,0
"373",0,0.5,0.3,0.05,0.3,0.3,0.3,0.3,1,0.05
"374",0,0.5,0.3,0.1,0.3,0.3,0.3,0.3,0.8,0
"375",0,0.5,0.3,0.1,0.3,0.3,0.3,0.3,1,0
"376",0.1,0.1,0.1,0.1,0.2,1,1,0.1,0,0.4
"377",0.1,0.1,0.1,0.1,0.2,1,1,0.1,0.5,0.5
"378",0.1,0.1,0.1,0.1,0.2,1,1,0.1,0.6,0.6
"379",0.1,0.1,0.1,0.1,0.2,1,1,0.1,0.8,0.8
"380",0.1,0.1,0.1,0.1,0.6,1,1,0,0,0.4
"381",0,0,0.1,0.9,0.9,1,1,1,1,1
"382",0,0,0.1,1,1,1,1,1,1,1
"383",0,0,0.15,0.7,0.7,1,1,1,1,1
"384",0,0,0.15,0.7,0.8,1,1,1,1,1
"385",0,0,0.15,0.8,0.8,1,1,1,1,1
"386",0,0,0.2,0.7,0.7,1,1,1,1,1
"387",0,0,0.2,0.7,0.8,1,1,1,1,1
"388",0,0,0.2,0.8,0.8,1,1,1,1,1
"389",0,0,0.2,0.9,0.9,1,1,1,1,1
"390",0,0.05,0.1,1,1,1,1,1,1,1
"391",0,0.5,0.2,0.05,0.2,0.2,0.2,0.2,1,0.1
"392",0,0.5,0.2,0.05,0.2,0.2,0.2,1,0.2,0.1
"393",0,0.5,0.2,0.05,0.2,0.2,1,0.2,0.2,0.1
"394",0,0.7,0.2,0.05,0.2,0.2,0.2,0.2,1,0
"395",0,0.7,0.2,0.05,0.2,0.2,0.2,1,0.2,0
"396",0,0.7,0.2,0.05,0.2,0.2,1,0.2,0.2,0
"397",0,0.7,0.2,0.1,0.2,0.2,1,0.2,0.2,0
"398",0.1,0.5,0.2,0.05,0.2,0.2,0.2,0.2,1,0
"399",0.1,0.5,0.2,0.05,0.2,0.2,0.2,1,0.2,0
"400",0.1,0.5,0.2,0.05,0.2,0.2,1,0.2,0.2,0
"401",0.05,0,0.1,0.4,0.5,1,1,1,1,1
"402",0.05,0,0.1,0.4,0.6,1,1,1,1,1
"403",0.05,0,0.1,0.4,0.7,1,1,1,1,1
"404",0.05,0,0.1,0.4,0.8,1,1,1,1,1
"405",0.05,0,0.1,0.4,0.9,1,1,1,1,1
"406",0.05,0,0.1,0.4,1,1,1,1,1,1
"407",0.05,0,0.1,0.5,0.5,1,1,1,1,1
"408",0.05,0,0.1,0.5,0.6,1,1,1,1,1
"409",0.05,0,0.1,0.5,0.7,1,1,1,1,1
"410",0.05,0,0.1,0.5,0.8,1,1,1,1,1
"411",0.05,0,0.1,0.5,0.9,1,1,1,1,1
"412",0.05,0,0.1,0.5,1,1,1,1,1,1
"413",0.05,0,0.1,0.6,0.5,1,1,1,1,1
"414",0.05,0,0.1,0.6,0.6,1,1,1,1,1
"415",0.05,0,0.1,0.6,0.7,1,1,1,1,1
"416",0.05,0,0.1,0.6,0.8,1,1,1,1,1
"417",0.05,0,0.1,0.6,0.9,1,1,1,1,1
"418",0.05,0,0.1,0.6,1,1,1,1,1,1
"419",0.05,0,0.1,0.7,0.5,1,1,1,1,1
"420",0.05,0,0.1,0.7,0.6,1,1,1,1,1
"421",0.05,0,0.1,0.7,0.7,1,1,1,1,1
"422",0.05,0,0.1,0.7,0.8,1,1,1,1,1
"423",0.05,0,0.1,0.7,0.9,1,1,1,1,1
"424",0.05,0,0.1,0.7,1,1,1,1,1,1
"425",0.05,0,0.1,0.8,0.5,1,1,1,1,1
"426",0.05,0,0.1,0.8,0.6,1,1,1,1,1
"427",0.05,0,0.1,0.8,0.7,1,1,1,1,1
"428",0.05,0,0.1,0.8,0.8,1,1,1,1,1
"429",0.05,0,0.1,0.8,0.9,1,1,1,1,1
"430",0.05,0,0.1,0.8,1,1,1,1,1,1
"431",0.05,0,0.1,0.9,0.5,1,1,1,1,1
"432",0.05,0,0.1,0.9,0.6,1,1,1,1,1
"433",0.05,0,0.1,0.9,0.7,1,1,1,1,1
"434",0.05,0,0.1,0.9,0.8,1,1,1,1,1
"435",0.05,0,0.1,0.9,0.9,1,1,1,1,1
"436",0.05,0,0.1,0.9,1,1,1,1,1,1
"437",0.05,0,0.1,1,0.5,1,1,1,1,1
"438",0.05,0,0.1,1,0.6,1,1,1,1,1
"439",0.05,0,0.1,1,0.7,1,1,1,1,1
"440",0.05,0,0.1,1,0.8,1,1,1,1,1
"441",0.05,0,0.1,1,0.9,1,1,1,1,1
"442",0.05,0,0.1,1,1,1,1,1,1,1
"443",0.05,0,0.2,0.5,0.5,1,1,1,1,1
"444",0.05,0,0.2,0.5,0.6,1,1,1,1,1
"445",0.05,0,0.2,0.5,0.7,1,1,1,1,1
"446",0.05,0,0.2,0.5,0.8,1,1,1,1,1
"447",0.05,0,0.2,0.5,0.9,1,1,1,1,1
"448",0.05,0,0.2,0.5,1,1,1,1,1,1
"449",0.05,0,0.2,0.6,0.5,1,1,1,1,1
"450",0.05,0,0.2,0.6,0.6,1,1,1,1,1
"451",0.05,0,0.2,0.6,0.7,1,1,1,1,1
"452",0.05,0,0.2,0.6,0.8,1,1,1,1,1
"453",0.05,0,0.2,0.6,0.9,1,1,1,1,1
"454",0.05,0,0.2,0.6,1,1,1,1,1,1
"455",0.05,0,0.2,0.7,0.5,1,1,1,1,1
"456",0.05,0,0.2,0.7,0.6,1,1,1,1,1
"457",0.05,0,0.2,0.7,0.7,1,1,1,1,1
"458",0.05,0,0.2,0.7,0.8,1,1,1,1,1
"459",0.05,0,0.2,0.7,0.9,1,1,1,1,1
"460",0.05,0,0.2,0.7,1,1,1,1,1,1
"461",0.05,0,0.2,0.8,0.5,1,1,1,1,1
"462",0.05,0,0.2,0.8,0.6,1,1,1,1,1
"463",0.05,0,0.2,0.8,0.7,1,1,1,1,1
"464",0.05,0,0.2,0.8,0.8,1,1,1,1,1
"465",0.05,0,0.2,0.8,0.9,1,1,1,1,1
"466",0.05,0,0.2,0.8,1,1,1,1,1,1
"467",0.05,0,0.2,0.9,0.5,1,1,1,1,1
"468",0.05,0,0.2,0.9,0.6,1,1,1,1,1
"469",0.05,0,0.2,0.9,0.7,1,1,1,1,1
"470",0.05,0,0.2,0.9,0.8,1,1,1,1,1
"471",0.05,0,0.2,0.9,0.9,1,1,1,1,1
"472",0.05,0,0.2,0.9,1,1,1,1,1,1
"473",0.05,0,0.2,1,0.5,1,1,1,1,1
"474",0.05,0,0.2,1,0.6,1,1,1,1,1
"475",0.05,0,0.2,1,0.7,1,1,1,1,1
"476",0.05,0,0.2,1,0.8,1,1,1,1,1
"477",0.05,0,0.2,1,0.9,1,1,1,1,1
"478",0.05,0,0.2,1,1,1,1,1,1,1
"479",0.1,0,0.1,0.8,0.8,1,1,1,1,1
"480",0.1,0,0.1,0.8,0.9,1,1,1,1,1
"481",0.1,0,0.1,0.8,1,1,1,1,1,1
"482",0.1,0,0.1,0.9,0.8,1,1,1,1,1
"483",0.1,0,0.1,0.9,0.9,1,1,1,1,1
"484",0.1,0,0.1,0.9,1,1,1,1,1,1
"485",0.1,0,0.1,1,0.8,1,1,1,1,1
"486",0.1,0,0.1,1,0.9,1,1,1,1,1
"487",0.1,0,0.1,1,1,1,1,1,1,1
"488",0,0.7,0.2,0.05,0.2,1,0.2,0.2,0.2,0
"489",0,0.7,0.2,0.05,1,0.2,0.2,0.2,0.2,0
"490",0,0.8,0.2,0.05,0.2,0.2,0.2,0.2,1,0
"491",0,0.8,0.2,0.05,0.2,0.2,0.2,1,0.2,0
"492",0,0.8,0.2,0.05,0.2,0.2,1,0.2,1,0
"493",0,0.8,0.2,0.05,0.2,1,0.2,0.2,0.2,0
"494",0,0.8,0.2,0.05,1,0.2,0.2,0.2,0.2,0
"495",0,0.9,0.2,0.05,0.2,0.2,0.2,0.2,1,0
"496",0,0.9,0.2,0.05,0.2,0.2,0.2,1,0.2,0
"497",0,0.9,0.2,0.05,0.2,0.2,1,0.2,1,0
"498",0,0.9,0.2,0.05,0.2,1,0.2,0.2,0.2,0
"499",0,0.9,0.2,0.05,1,0.2,0.2,0.2,0.2,0
"500",0,0.9,0.2,0.1,0.2,0.2,0.2,0.2,1,0
